77c95276-f8ef-4128-8d44-d0937eb9eb62;"13";"Maes, Nicolaes";"Bildnis einer Dame in einem schwarzen Kleid"
12323413-13e4-4744-bba2-c0840ad8860c;"18";"Schütz d. Ä., Christian Georg";"Flusslandschaft"
0f469d28-41ff-4431-95e7-6a2541af7eee;"19";"Schütz d. Ä., Christian Georg";"Flusslandschaft"
1eb79968-cc78-4810-99ce-9cf3bbd7f6d7;"26";"Deutscher Meister der zweiten Hälfte des 17. Jahrhunderts";"Bildnis eines Mädchens in Schäfertracht"
d78d018e-a5d0-4cc9-bf2b-f4484e44969f;"77";"Hals, Frans";"Bildnis eines Mannes"
3189d5cc-3d53-4207-a2e7-e1480394a46b;"78";"Hals, Frans";"Bildnis einer Frau"
ee7a3a37-1fad-4113-bc9e-32edb0501708;"100";"Ruysdael, Salomon van";"Flusslandschaft mit einer Fähre"
b1546a82-c100-41f8-88a9-cb64bd6e2e1a;"102";"Weenix, Jan";"Bildnis eines holländischen Kaufmanns"
06499d91-3b19-4ef4-97cb-69576aeb58a2;"143";"Jordaens, Jacob";"Hirtenanbetung"
977dfdaa-1065-4f02-b196-ba0f9370d182;"165";"Velde, Adriaen van de";"Hirt und Hirtin mit ihrer Herde am Brunnen"
9069d631-eea0-4eea-befe-d7985e058685;"166";"Schalcken, Godfried";"Bildnis eines Künstlers im Atelier"
56a6eccd-f5f0-47a5-9909-99e89801193e;"187";"Keyser, Thomas de";"Bildnis eines Reiters mit zwei Hunden"
25147eac-524c-4d86-a4dc-7321fece7bf1;"213";"Roos, Johann Heinrich";"Angebliches Selbstbildnis des Künstlers mit seiner Frau und den Symbolen des christlichen Glaubens"
c4f12003-47a8-464b-92e5-dd2486ee2830;"279";"Französischer Meister um 1550/1600";"Brustbild eines jungen Mannes"
9a932d16-ba94-4e71-a2d9-e575a22c5aa8;"292";"Hals, Frans";"Bildnis eines jungen Kavaliers"
d0b55cfb-4940-496b-b3b3-cc39987327ec;"442";"Molenaer, Jan Miense";"Rauchender Mann mit leerem Weinglas"
70d086ff-ba61-4e6b-85b1-80ed83588f8f;"464";"Rubens, Peter Paul";"Die mystische Vermählung der heiligen Katharina (Entwurf für das Hochaltarbild der Augustinerkirche in Antwerpen), Rückseite: zwei Reiterkämpfe"
9f92e2e9-1af8-4802-bb0c-26f4f482bf1f;"482";"Niederländischer Meister der zweiten Hälfte des 18. Jahrhunderts";"Der Kampf der himmlischen mit der irdischen Liebe"
ac71bb0e-c521-4a9a-bdb3-ddf392ff8623;"507";"Neer, Aert van der";"Flusslandschaft mit Schiffen bei aufgehendem Mond"
82520548-4444-4d97-b893-553850c4551d;"532";"Steen, Jan";"Wirtshaus mit Gast und Schankmagd ("Der aufdringliche Gast")"
dee7eead-9fce-47cd-a453-63d486cb26c9;"536";"Berckheyde, Job Andriesz";"Die Börse von Amsterdam"
771615d3-7f5e-4c2d-9ff6-aec1d292310a;"540";"Ruysch, Rachel";"Blumenstillleben"
c2cf5463-7444-4308-98a6-90da63da7ccd;"555";"Roos, Johann Heinrich";"Römische Hirtenfamilie bei ihrer Herde"
9744fd75-0a05-4316-b6da-75ff833d27ef;"586";"Pforr, Johann Georg";"Hasenhetze mit einem Falkner"
851e9a50-f842-4715-814b-93294a490ee1;"587";"Pforr, Johann Georg";"Pferdemarkt"
0c450e27-9e76-4f2a-bcef-70bfdc2b77cf;"590";"Heyden, Jan van der";"Schloss Loenersloot in Holland"
52b57ba1-5f7a-474d-a716-dad3ec259ca6;"606";"Ochtervelt, Jacob";"Kavalier im Fenster"
396a8e17-c69f-404b-a0be-939adeb3d3ea;"617";"Walscapelle, Jacob van";"Blumenstillleben"
d2829c09-752c-4706-a811-c93df56e50c1;"625";"Poelenburch, Cornelis van";"Landschaft mit der Entdeckung der Schwangerschaft der Callisto"
f43ae518-7fb6-437e-8e9a-8d749d7330fd;"641";"Bega, Cornelis Pietersz";"Zwei trinkende und rauchende Dirnen"
56c35062-94fc-4abd-b928-d916048b593a;"647";"Roos, Johann Heinrich";"Hirten mit Vieh an einer Furt"
5a10015f-5948-4ffa-aec9-6e899dfef859;"663";"Ermels, Johann Franciscus";"Landschaft bei abziehendem Gewitter"
9dde7c48-f15b-4df7-98e0-8b6b1bddc73a;"664";"Ermels, Johann Franciscus";"Felsige Landschaft im Abendlicht"
904e6b42-807a-4849-99ee-bf41c3c26e2e;"703";"Verspronck, Jan Cornelisz.";"Bildnis einer Frau im Sessel"
3eac9a18-a287-49ef-aaff-1d46708fdde0;"708";"Heem, Cornelis de";"Prunkstillleben mit kopulierenden Spatzen"
85802e95-a2e4-4bcc-9732-3a325b2e8696;"721";"Heem, Cornelis de";"Stillleben mit Gemüse und Früchten vor einer Gartenbalustrade"
f656b05d-a57d-4c39-86b6-b845f40bc5d9;"754";"Ruisdael, Jacob Isaacksz. van";"Waldlandschaft mit Wasserfall bei aufziehendem Gewitter"
96db3f79-4b82-4fb2-b9fa-ed081703789a;"761";"Teniers d. Ä., David";"Geburt des Adonis"
66375a44-3ab9-4ef8-9237-586d16c66c03;"763";"Vos, Cornelis de";"Bildnis der Susanna de Vos, der dritten Tochter des Malers"
75343b3b-7ad4-47f9-bdaa-a92936d3dbdb;"766";"Massys, Quentin";"Bildnis eines Gelehrten"
9ff2246b-aceb-4767-bc33-8e2411d91f3f;"783";"Hobbema, Meindert";"Eingang zum Wald"
1e6a943b-82a6-4aee-bc89-f5fca027ad5b;"807";"Barnaba da Modena";"Madonna mit Kind"
e57d36c9-270f-4366-a088-32607319bbf1;"821";"Lochner, Stefan";"Martyrium des hl. Petrus"
c7149d56-b3e1-45d9-95e2-96ee94178752;"822";"Lochner, Stefan";"Martyrium des hl. Andreas"
3743f9c2-d253-4851-8c5e-2b4e0a531aa0;"823";"Lochner, Stefan";"Martyrium des hl. Jakobus d.Ä."
b48cddae-d0b0-4f55-ac71-00d2285cb10a;"824";"Lochner, Stefan";"Martyrium des hl. Johannes Ev."
45021dad-e91d-4cea-aeaa-a70bdd853e57;"825";"Lochner, Stefan";"Martyrium des hl. Philippus"
a0d692c8-29fd-48da-9795-2bbb966eabb0;"826";"Lochner, Stefan";"Martyrium des hl. Bartholomäus"
210e6335-2bf9-4b15-afe4-c142e030fae5;"827";"Lochner, Stefan";"Martyrium des hl. Thomas"
aac033fd-dcc6-4249-a0fc-53dfea1d37c4;"828";"Lochner, Stefan";"Martyrium des hl. Matthäus"
2ce56af7-08d8-4d3d-a5d0-8b0be98ec60b;"829";"Lochner, Stefan";"Martyrium des hl. Jacobus d.J."
4f7ff0e7-4803-4472-a041-261d72d4fa77;"830";"Lochner, Stefan";"Martyrium der Heiligen Simon und Judas"
b7d0cafa-4e0b-4838-acd7-8fa5c0bdb71a;"831";"Lochner, Stefan";"Martyrium des hl. Matthias"
4ae8ef5f-732f-4cc5-92f2-4b2314cbe932;"832";"Lochner, Stefan";"Martyrium des hl. Paulus"
25a0efb1-0261-406f-b1db-512daac6f578;"839";"Catena, Vincenzo";"Der heilige Hieronymus im Studierzimmer"
d0a261dd-7902-4f00-ad92-0e65c44f99d8;"842";"Jacopo del Casentino";"Thronende Madonna mit Kind und Heiligen, Engeln und Stiftern"
ee186e3f-3444-4385-9d76-fc0daa0be318;"843";"Perugino, Pietro";"Madonna mit Kind und Johannesknaben"
7f485d15-329f-4ada-8a44-2ab51f43e09f;"845";"Meister der Stalburg-Bildnisse";"Bildnis des Claus Stalburg (1469-1524)"
04c6edc5-9ae3-46d8-ade9-a5581391de35;"846";"Meister der Stalburg-Bildnisse";"Bildnis der Margarete Stalburg, geb. vom Rhein (1484-1550)"
b98991bb-7295-4e96-8e93-5eeb3faa1a6b;"850";"Weyden, Rogier van der";"Medici-Madonna"
8a2d505e-4d08-49cd-968a-0a5e0393a3fd;"875";"Achenbach, Andreas";"Ein Seesturm an der norwegischen Küste"
9bd53896-f168-4fa6-9227-fc32bf8d5349;"885";"Netscher, Caspar";"Bildnis von Pieter Six (1655-1703) mit einem Diener mit Jagdbeute"
3294ba41-0729-464d-b1b8-f0584f8f07e8;"890";"Dürer, Albrecht";"Hiob auf dem Misthaufen"
ebc7ff77-a7e1-4967-b14a-de86f6dfe024;"891";"Carracci";"Der heilige Sebastian wird von der heiligen Irene und einer Dienerin gepflegt"
b50243e7-b212-4a64-83fb-8dadd7eb134f;"893";"Veronese, Paolo";"Mars und Venus"
51de2392-9474-48d3-aa35-581b798144a4;"894";"Roos, Johann Heinrich";"Zigeunerlager in einer römischen Ruine"
95858632-29ac-41f0-9d02-3ac35ec004c4;"895";"Schadow, Wilhelm von";"Das Gleichnis von den klugen und törichten Jungfrauen"
995ac868-cdc6-4f41-9ebe-21f6467d46a6;"898";"Steen, Jan";"Ein Goldschmied schmilzt in Anwesenheit eines Notars den Schmuck einer Frau ein: "Der Alchemist"
4caa4f5b-2ea3-4549-86d1-0ca8a9e90dbe;"901";"Lessing, Carl Friedrich";"Jan Hus zu Konstanz"
e375791d-43d4-4f01-a290-9a68b826bbde;"910";"Becker, Jakob";"Der vom Blitz erschlagene Schäfer"
b469f99b-4fab-4fbb-abe9-1bece019fb4b;"915";"Schwind, Moritz von";"Elfentanz im Erlenhain"
83b45f41-38bc-4c31-b557-efd89b5f7959;"916";"Moretto da Brescia";"Thronende Madonna mit Kind und den vier lateinischen Kirchenvätern"
e908a537-63ff-4ae1-a5a6-9dd7318f7d8a;"917";"Franchoys II, Lucas";"Bildnis eines Mannes"
c65b7945-bd9b-403a-aeff-91a5036f5004;"918";"Bol, Ferdinand";"Bildnis eines jungen Mannes"
ac08a033-5e64-4a0f-bbc7-8e3dae3db6cd;"919";"Beham, Barthel";"Bildnis des Hans Urmiller mit seinem Sohn"
877b9414-e75a-4ded-b59e-4e90ce3bcf69;"920";"Christus, Petrus";"Madonna mit Kind und den Heiligen Hieronymus und Franziskus"
8f02ba04-c386-481b-af15-e562f3e7c664;"937";"Dürer, Albrecht";"Bildnis einer jungen Frau mit offenem Haar"
213d6982-3a00-440c-b810-2f920abaddb1;"952";"Rosso Fiorentino";"Madonna mit Kind und Johannesknaben"
5e4993fc-a9ae-4f0c-901a-250c11b1390e;"976";"Garofalo";"Die Heilige Familie"
258ab763-66c5-42aa-a568-6e328d9d45b2;"977";"Savery, Roelant";"Orpheus unter den Tieren"
308d2004-0db0-49d2-a6e4-3cf7b8dc7bcf;"980";"Neroccio di Bartolomeo di Benedetto de' Landi";"Madonna mit Kind und den Heiligen Petrus und Paulus"
76bd5d7e-eaf8-4b87-8a9c-5b1e64ccd5fd;"982";"Ramboux, Johann Anton";"Kapuzinerpredigt im Colosseum zu Rom"
8c38c6e9-8591-46eb-b298-6796c0ffd3b3;"983";"Olivier, Ferdinand";"Pilgerzug im Walde"
64d6ea8d-44bb-49c5-9772-a6a268ed3fce;"1002";"Paolo di Giovanni Fei";"Die heilige Katharina von Alexandrien"
3284cdf2-83f4-4acf-b88b-7fcfce130d93;"1006";"Niccolò di Buonaccorso";"Madonna (Fragment)"
9d4baa5a-8583-4f34-aac8-89bca7503144;"1009";"Tiepolo, Giovanni Domenico";"Die Enthaltsamkeit Scipios"
011c4877-8d9a-47fb-aedd-4ada286946b7;"1011";"Lessing, Carl Friedrich";"Die tausendjährige Eiche"
0d5966df-1117-4cad-b387-1c3c9c489abe;"1039";"Brouwer, Adriaen";"Die Operation am Fuß"
9a1d948f-bc83-4ab8-ac00-9bac231ced3b;"1041";"Heem, Jan Davidsz. de";"Prunkstillleben mit Früchten, Pastete und Trinkgeschirr"
a8d4d1a0-5c1a-47fa-aea5-866f7fa3bbab;"1045";"Velázquez, Diego";"Bildnis des Kardinals Gaspar de Borja y Velasco"
36767879-3d2c-486f-9def-88c558428a58;"1050";"Brouwer, Adriaen";"Die Operation am Rücken"
bca4c19d-589f-45c9-b370-0fbb51410696;"1051";"Berckheyde, Gerrit Adriaensz.";"Das Stadthaus in Amsterdam"
3b83e4e1-8581-46bd-a1bf-6ef01bed1dc0;"1055";"Borch d. J., Gerard ter";"Dame mit Weinglas"
532a3d68-d699-4d31-9e83-f8e67dbb2b45;"1057";"Weenix, Jan Baptist";"Römischer Kesselflicker"
959857da-c845-40a4-8f03-df61140f9217;"1060";"Stevens, Pieter";"Waldlandschaft mit Einsiedlerklause"
ca499795-52a6-4e4d-8f63-710c327b789c;"1065";"Holbein d. J., Hans";"Bildnis des Simon George of Cornwall"
8399d149-868e-462b-83cb-604a2d475a71;"1066";"Cranach d. Ä., Lucas";"Kreuzigung Christi"
546377ef-11d5-4efe-990e-6e54a5bbbf03;"1071";"Goyen, Jan van";"Das Haarlemer Meer"
4119a4a3-16b3-4bf8-a1dd-4ba46f615eac;"1078";"Fiorenzo di Lorenzo";"Thronende Madonna mit Kind und den Heiligen Christophorus und Sebastian"
fa922785-da34-44d8-bc67-95ad3e673fd8;"1082";"Dou, Gerrit";"Frau beim Ordnen des Abendbrottisches"
b74527c8-ffa0-49d8-a823-d803524d7336;"1091";"David, Gerard";"Der heilige Hieronymus in der Wildnis"
7eb0dae8-c571-4468-a307-08b4436c09d8;"1093";"Richter, Ludwig";"Gewitter am Monte Serone bei Olevano in den Sabiner Bergen"
dd00dcc0-8740-4c31-91d3-6889d5f258d9;"1095";"David, Gerard";"Verkündigung Mariens"
cc601a8a-f683-40cb-88b2-615a755b0175;"1096";"Steen, Jan";"Moses schlägt Wasser aus dem Fels"
ccba9a6c-b82d-4f3a-b947-197ffc500446;"1103";"Reni, Guido";"Christus an der Geißelsäule"
5044621f-6d54-4568-ae4b-f96601219f67;"1106";"Clouet, François";"Bildnis der Beatrix Pacheco, Gräfin von Montbel und Entremonts"
33ee5c6a-83ce-4408-93ab-e7a9473d9bab;"1109";"Ruisdael, Jacob Isaacksz. van";"Winterlandschaft bei Haarlem mit einem Laternenpfahl"
27c5ea51-4438-447c-ad03-ecad76cf025c;"1112";"Ruysdael, Salomon van";"Fischer- und Segelboote unter weitem Himmel"
df491375-7455-47db-8e75-9237609771c2;"1113";"Brueghel d. Ä., Jan";"Die Verspottung der Latona"
17a7414c-bbc1-4577-9931-554aa5a407c2;"1114";"Veit, Philipp";"Die Einführung der Künste in Deutschland durch das Christentum"
554a3a67-9ee9-4e15-8fd2-a79f9472ac4c;"1115";"Veit, Philipp";"Italia"
bbd2eb28-acf5-43de-aa82-79ac843da608;"1116";"Veit, Philipp";"Germania"
7e89d2b2-59d5-4b0d-89e9-5b0674f946c0;"1125";"Cranach d. Ä., Lucas";"Venus"
92eb505b-50b2-4faa-975b-e3c6502252bd;"1130";"Roos, Johann Heinrich";"Bildnis des Nicolaus Ruland (1618-1686) (?)"
bcd5a9da-b23f-4fb0-94ce-a6bb70421e92;"1133";"Tizian";"Bildnis eines jungen Mannes"
cbd91e39-ada2-487c-9547-c79412b9b1d5;"1134";"Kraus, Georg Melchior";"Familie bei der Mahlzeit"
18357a8f-26a9-4c22-b8fe-38bced89099b;"1135";"Kraus, Georg Melchior";"Familie beim Mittagessen in einem Dorfwirtshaus"
a468eb0b-18b8-4c89-a04e-e232205ce59c;"1136";"Bronzino, Agnolo";"Bildnis einer Dame in Rot (Francesca Salviati?)"
a0a39a28-de01-40a8-b1f4-83df7373cc63;"1144";"Fries, Ernst";"Gebirgslandschaft"
878d1d88-da28-41e5-b040-f05ae1aa79f4;"1149";"Vermeer, Johannes";"Der Geograf"
97661b6f-a4b8-4c87-adb7-6e093e5be8fa;"1150";"Feuerbach, Anselm";"Lucrezia Borgia; Bildnis einer Römerin in weißer Tunika und rotem Mantel"
e28c0af3-3022-4e3e-bffd-d42da3903d1a;"1164";"Morgenstern, Carl";"Die Wasserfälle von Tivoli mit dem Vestatempel"
8abdc9ac-d19f-4d29-a985-b85bee53c2b6;"1168";"Burnham-Meister";"Thronende Madonna mit Kind und musizierenden Engeln"
6131257f-fdd3-4931-9ccd-2454144caca2;"1182";"Florentiner Meister um 1480";"Mucius Scaevola ermordet den Sekretär Porsennas und lässt seine rechte Hand verbrennen"
bbf7a1e1-a0c2-490e-a4b5-0935cb6ec4ce;"1183";"Baldung Grien, Hans";"Die Geburt Christi"
149ade8f-3c47-4e67-af04-9c9f6d7bf0db;"1184";"Deger, Ernst";"Bildnis eines jungen Mädchens"
4ba32b22-b61c-40dd-b1d7-fd8659414517;"1198";"Zick, Januarius";"Die Anbetung der Hirten"
2fb23da1-6800-407a-b10e-267bb2194202;"1207";"Nattier, Jean-Marc";"Bildnis des Frankfurter Bankiers Johann Georg Leerse (1691-1762)"
388c9050-08c9-409e-933d-eb6b00ad836e;"1208";"Nattier, Jean-Marc";"Bildnis der Anna Elisabeth Leerse (1698-1776)"
8a3bb7c5-deef-4087-b070-eaefbaf8e549;"1212";"Willebeeck, Peter";"Vanitas-Stillleben"
fec7d8ed-a577-4cc3-b07d-a6e61a26e1f7;"1218";"Brueghel d. J., Jan";"Waldlandschaft mit der Flucht nach Ägypten"
8261ad61-c23d-45d0-bf7b-1a6bc57ae0fc;"1219";"Brueghel d. Ä., Jan";"Blumenstillleben"
962ee3dc-ee90-4bf0-8fe7-04397d599a39;"1225";"Teniers d. J., David";"Zwei rauchende Bauern am Kohlenfeuer"
b42da30f-3b2a-4ac0-8567-19ac96a95c4c;"1233";"Bega, Cornelis Pietersz";"Wirtshausszene"
84af776a-2ed4-4196-84ec-5bd5213d7188;"1234";"Mieris d. Ä., Frans van";"Bildnis einer Frau mit Barett"
400e62ae-cd9c-41db-bee2-1900e34f49b4;"1236";"Goyen, Jan van";"Dorfstraße"
dbf5695c-cdb5-414a-9890-6346f6dec33e;"1240";"Ruisdael, Jacob Isaacksz. van";"Dünenlandschaft mit einem Plankenzaun"
ee74a95d-39b6-4b8a-97f0-46b699c48704;"1258";"Müller, Victor";"Hamlet und Horatio auf dem Kirchhof"
32c459cf-9cae-44af-ac3d-05ec778e8925;"1260";"Böcklin, Arnold";"Villa am Meer"
6942fe6e-eda3-4485-a305-9f10b0301fc8;"1269";"Badalocchio, Sisto";"Christus mit der Samariterin am Brunnen"
0fadae27-a8a8-492b-bc78-bbf1b53e8002;"1278";"Loeding, Harmen";"Stillleben mit Früchten und einer chinesischen Porzellanschüssel mit Erdbeeren"
97e40d73-0766-471b-99ae-55be22afa3d9;"1281";"Sassoferrato, Giovanni Battista Salvi gen.";"Maria, das Kind anbetend"
5552687b-387d-4c9e-a4fb-7d3184705818;"1282";"Unterberger, Ignaz";"Juno und Flora"
d0b6a65e-bacc-42d8-b0cb-8abee5e99ecc;"1283";"Unterberger, Ignaz";"Jupiter und Hebe"
791b6fa3-4259-42f0-81a0-d3a462bb215b;"1284";"Flämischer Meister um 1600";"Der Gang nach Emmaus"
32b05150-ec71-4e74-b7d4-7057d38ff47b;"1285";"Coninxloo, Gillis van";"Waldlandschaft mit Jägern"
89529685-67d6-4b45-8919-9c7b310909f1;"1286";"Stevens, Pieter";"Landschaft mit dem barmherzigen Samariter"
a7ebec8e-fbfd-4dbc-870c-1c220b4a66c2;"1337";"Romney, George";"Bildnis eines jungen Mannes an seinem Lesetisch"
764a47ba-7b65-4a80-89d7-a50bd72031b8;"1340";"Leibl, Wilhelm";"Älterer Bauer und junges Mädchen; Das ungleiche Paar"
940fbb40-2d4a-4a77-afc3-ebfc5e6dfe5b;"1350";"Sisley, Alfred";"Seine-Ufer im Herbst"
5f4358b1-822c-4141-85b3-f5e1e92c694d;"1351";"Liebermann, Max";"Freistunde im Amsterdamer Waisenhaus"
03eb38f1-6f54-4fc3-abfb-114b89cd50c1;"1354";"Spitzweg, Carl";"Der Einsiedler vor seiner Klause"
336c3c9e-c4ef-4581-8dcb-995f1bd8e18d;"1365";"Pidoll, Karl von";"Bildnis Anna Cossmann vor der Ca' d'Oro in Venedig"
8cf304ed-b78b-4297-94d1-213b8af4608f;"1371";"Chintreuil, Antoine";"Der Regenschauer"
31ec56cc-ae30-4bbf-910b-fdb3a75abc1e;"1374";"Robert, Hubert";"Römische Ruinen"
3aaab092-a267-4283-a883-39fb32692968;"1375";"Meyerheim, Paul";"Die eifersüchtige Löwin"
ed8e504c-c489-48a6-83aa-1f0ca4a48357;"1378";"Aertsen, Pieter";"Marktstück mit Christus und der Ehebrecherin"
6fc7c35d-6aef-4d27-9ee6-3c5a1e5bc24e;"1385";"Monet, Claude";"Häuser am Ufer der Zaan"
cd135117-8f55-4ef1-b303-82d0ef316e4e;"1393";"Waldmüller, Ferdinand Georg";"Bäuerliches Liebespaar"
1d668465-b2e7-40ed-9e74-4172c5808d92;"1395";"Tiepolo, Giovanni Domenico";"Studienkopf eines alten Mannes"
58e09b32-6f48-4c7f-b149-ca4b843c4066;"1400";"Blanche, Jacques-Émile";"Junges Mädchen nach dem Maskenball (La petite masque)"
1926184a-33dc-4746-be9c-b75d7b307c17;"1406";"Courbet, Gustave";"Dorfausgang im Winter"
635025f0-6010-4109-91b7-4e6f5c61ee36;"1415";"Millet, Jean François";"Bildnis Herrn le Courtois, des Schwagers des Künstlers"
73b04eef-1c4b-4e92-bcf7-868f38d177da;"1417";"Palma il Vecchio, Jacopo";"Zwei ruhende Nymphen (Jupiter in Gestalt der Diana und Kallisto?)"
bf4e23e1-7b5c-4c1c-b500-364a6ea911b3;"1426";"Göbel, Angilbert";"Arme Leute"
19432b46-cc17-41aa-8f34-b860c8492beb;"1433";"Courbet, Gustave";"Die Woge"
4907d808-7d8d-494b-aacd-638579a2eece;"1436";"Gogh, Vincent van";"Bauernhaus in Nuenen"
dded1217-ee0f-433e-b981-deb559b6225d;"1444";"Daubigny, Charles François";"Französischer Obstgarten zur Erntezeit (Le verger)"
451097ad-c8a6-4836-9934-b69a9d8b292d;"1447";"Capella gen. Il Daggiù, Francesco";"Verkündigung"
a17c03fd-e6b6-47ae-8ee2-c1419746ae43;"1465";"Roos, Johann Heinrich";"Stillleben mit totem Geflügel"
b8faf1e1-58bb-496e-9323-099d2298a355;"1466";"Delacroix, Eugène";"Fantasia arabe"
a7de574d-8938-4055-925c-33a084c6b5c7;"1476";"Manet, Édouard";"Die Krocketpartie"
b0e88765-f9c6-4661-97a0-8b21f1b12387;"1496";"Parmigianino";"Märtyrerin mit zwei Engelsknaben (Die heilige Katharina von Alexandrien?)"
24a1c241-fb6d-4cc7-9257-a8309c9917f2;"1498";"Corot, Camille";"Blick auf Marino in den Albaner Bergen am frühen Morgen"
c60b53df-6371-4829-adaa-8e7f2662725d;"1499";"Corot, Camille";"Italienische Herbstlandschaft bei Marino"
7d37f52e-8607-4226-b28e-d334830973ca;"1501";"Longhi, Pietro";"Bildnis der Marchesa Concina di Udine"
7924a86b-8cd4-4ce3-8e8e-a50c89bea05d;"1507";"Lanfranco, Giovanni";"Drei Kapuzinerheilige und ein heiliger Bischof beten Christus und das Kreuz an"
6acb290c-44fb-443c-9588-d273c08d4cbe;"1521";"Tintoretto";"Moses schlägt Wasser aus dem Felsen"
4d658fe5-7b40-428b-94e2-1591b3fe2834;"1527";"Crespi gen. Il Cerano, Giovanni Battista";"Taufe Christi"
770ef509-c099-4f15-af34-81496b381141;"1529";"Venezianischer Meister des 18. Jahrhunderts";"Gaukler vor dem Dogenpalast"
7a4ce4b8-be0d-4c9f-9e72-4aea24095c6a;"1542";"Italienischer Meister um 1600/1610";"Der jugendliche Bacchus"
27860c8e-2a6a-4988-a549-beefa52c1954;"1551";"Hackert, Jakob Philipp";"Blick auf Sankt Peter in Rom"
c6fe491b-9b0c-4ca4-b08c-0e45c99395fd;"1553";"Doré, Gustave";"Alpine Landschaft mit Wildbach"
8d563e30-c488-4b16-bca8-35c9806fc95d;"1559";"Segantini, Giovanni";"Alpenlandschaft bei Sonnenuntergang"
3de7e7a2-0c46-47c7-a06d-b99c3de72573;"1577";"Bosch, Hieronymus";"Ecce Homo"
c5025924-a951-437f-ba94-b737c9eb9453;"1583";"Bloemaert, Abraham";"Judith zeigt das Haupt des Holofernes"
96b0b21d-926b-47ed-9d16-8779b8488f81;"1607";"Elsheimer, Adam";"Die Sintflut"
59174f41-bd78-4a87-950e-4267ab359d99;"1614";"Juncker, Justus";"Stillleben mit Apfel und Insekten"
bc5984ba-c3b2-47f6-b4d4-8a640a1ff1e6;"1615";"Juncker, Justus";"Stillleben mit Birne und Insekten"
7d78f7b1-f43c-42bb-adaf-02c037102430;"1626";"Giordano, Luca";"Die Jugend von den Lastern versucht"
6d965c4b-01b0-4630-9a38-bbed611bca01;"1628";"Hoppner, John";"Mädchen mit Kaninchen"
e22a540c-140e-4217-a519-ffd864182f3d;"1629";"Steinle, Edward von";"Der Geiger im Turmfenster"
23c37f6f-7e34-4813-b510-1c71647d00a5;"1644";"Singleton, Henry";"Der Vikar empfängt den Zehnten"
44e97b81-74b6-43a6-b4de-600ed7a29585;"1648";"Hackert, Jakob Philipp";"Die Grotte des heiligen Franziskus auf dem Monte Verna"
09475bd7-359d-4f29-a0e6-d5eea5eda0bd;"1650";"Guigou, Paul";"Landschaft bei Roquevaire in der Provence"
838a805e-bb11-4753-914e-49be9646df6b;"1653";"Guardi, Giacomo";"Der Markusplatz in Venedig"
c44a84d9-1045-4f58-a77d-2cb6111c2ce8;"1676";"Elsheimer, Adam";"Merkur und Battus"
b181177f-840c-428e-8658-fe2df7f1b20b;"1677";"Elsheimer, Adam";"Pan und Syrinx"
89f2a245-bcb4-4516-a571-2deed6e3aaf8;"1680";"Morland, George";"Bauern vor einer Hütte"
8d394d9e-3154-473e-95fc-ff590ea7e811;"1702";"Urlaub, Georg Karl";"Bildnis des Johann Georg von Holzhausen (1771-1846)"
9c326a1b-a4d6-47cb-bdb4-79d2a379e715;"1703";"Urlaub, Georg Karl";"Bildnis der Henriette von Holzhausen (1773-1834)"
9cece431-e13b-4b51-88b4-9505d487d7fb;"1704";"Urlaub, Georg Karl";"Bildnis des Friedrich Adolph Carl von Holzhausen (1776-1811)"
ee5a7bc7-8a7e-4717-92f5-bbfe24296c7e;"1705";"Ziesenis, Johann Georg";"Bildnis des Johann Maximilian von Holzhausen (1708-1768)"
f3f0dfec-d002-483f-8d4b-ad7cb4b56f17;"1706";"Ziesenis, Johann Georg";"Bildnis des Justinian Theodor Friedrich von Holzhausen (1747-1765)"
dde35b83-8560-429a-aab3-ebd38fe6b081;"1716";"Faber von Kreuznach, Conrad";"Bildnis des Gilbrecht von Holzhausen (1514-1550)"
abefa041-5249-4ec4-933f-0b01544f217a;"1717";"Faber von Kreuznach, Conrad";"Bildnis der Anna von Holzhausen, geb. Ratzeburg"
c365e65f-4edc-44ba-9949-e5f7e3d1fdaa;"1723";"Cranach d. Ä., Lucas";"Christus segnet die Kinder"
4735e7fe-b04d-4b85-948d-30beacc63fbb;"1724";"Uffenbach, Philipp";"Maria mit Frauen und Jüngern während der Kreuzigung Christi"
816d916b-6e13-4b70-86df-165a7fa05b07;"1729";"Faber von Kreuznach, Conrad";"Doppelbildnis des Justinian von Holzhausen (1502-1553) und seiner Frau Anna, geb. Fürstenberg (1510-1573)"
1c841098-923c-4be0-95bb-a34ff6e0c270;"1731";"Cranach d. Ä., Lucas";"Madonna auf der Mondsichel verehrt von dem Stifter Hieronymus Rudelauf"
f8c17a8e-3845-4e2e-91c1-4fb4e7b82c44;"1739";"Kaldenbach, Martin";"Bildnis des Jakob Stralenberger"
4cde22db-76b3-4e20-aad6-a3d1d51659ef;"1747";"Ziesenis, Johann Georg";"Bildnis der Marie Sophie Friedericke von Holzhausen (1748-1796)"
e9ae5ec5-6a75-4507-97e2-d93509d2153c;"1779";"Gentile da Fabriano";"Thronende Madonna mit Kind, anbetenden Engeln und Propheten"
5e66c0d3-77a7-4da0-a7eb-778b079febe6;"1789";"Troger, Paul";"Tod Josephs"
3127f2e6-4b06-4d56-8fbe-b82a822d3083;"1792";"Meister des Nürnberger Marienaltars";"Gebet am Ölberg"
bca7286c-123b-446a-b3dd-3ed0fc14a2b5;"1793";"Bloemaert, Abraham";"Der Brand Trojas"
1ac39705-9a39-4628-9c77-199c4227d5db;"1798";"Veit, Philipp";"Bildnis der Freifrau von Bernus"
d43d820b-4cdf-4bb7-8829-07cd63cd9897;"1799";"Fränkisch-Schwäbischer Meister um 1440/50";"Kalvarienberg"
6c99169f-eaaf-4837-b092-6e7fc535c8d0;"1805";"Khnopff, Fernand";"Der Jagdaufseher"
3be8bdfb-05de-4075-8cfa-8e1e75c66e89;"1806";"Klinger, Max";"Bildnis einer Römerin auf einem flachen Dach in Rom"
2d34d1d4-c7c2-4cda-9249-957b355e7811;"1811";"Evenepoel, Henri";"Im Café d'Harcourt in Paris"
cdb0ca35-4ad4-400e-8a8e-cc397e911906;"1812";"Liebermann, Max";"Der Weber"
e90c7a5a-8007-4959-966b-579f1a6ffa0b;"1819";"Lenbach, Franz von";"Bildnis des Ludwig von Hagn, Sohn des Malers Ludwig von Hagn"
b71a4d84-f813-476d-bc5a-075b56ca802b;"1821";"Friedrich, Caspar David";"Gebirge bei aufsteigendem Nebel"
ee515431-a781-475f-bad7-cdaf69ab7fa3;"1825";"Dahl, Johan Christian Clausen";"Der Ausbruch des Vesuv im Dezember 1820"
5680ce58-9559-4765-9ca0-576464dd3e1e;"1838";"Müller, Victor";"Bildnis der Berta von Radowitz als junges Mädchen"
d596583a-d7a7-4fde-8791-c4ca59f19e12;"1852";"Schütz d. Ä., Christian Georg";"Schloss Schönbusch bei Aschaffenburg"
5ef8ba36-1e9a-4915-b2df-545afae20061;"1855";"Jawlensky, Alexej von";"Abstrakter Kopf: Sinfonie in Rosa"
a96ac9b5-9fd1-4437-948f-d24b4baf27aa;"1856";"Pseudo-Félix Chrétien";"Kellerszene"
4180db46-5abe-4224-8253-cbe1b71af8f7;"1881";"Burnitz, Karl Peter";"Zerstörtes Haus"
9a6bb108-e789-43e6-b7fc-95a4cd1eaca3;"1887";"Deodato Orlandi";"Trauernder Evangelist Johannes"
679db660-e718-4936-be3d-59320af1c5ce;"1889";"Böcklin, Arnold";"Bildnis der Schauspielerin Fanny Janauschek"
ae19b01f-45c5-4465-89c2-ca8a9bb20bf1;"1942";"Mayr, Johann Ulrich";"Frau mit Fruchtkorb"
04002c00-93b7-4de7-b365-962ee4838fe9;"2000";"Thoma, Hans";"Der Krieg"
ecc5fbef-1f88-407e-855a-5ddf592a7715;"2011";"Macke, August";"Zwei Mädchen"
98ae2211-8a05-408f-90fc-9b8ca13d0b8f;"2024";"Elsheimer, Adam";"Die Verherrlichung des Kreuzes"
dabf63b5-1a32-45ca-ad4f-4f072f287bb1;"2045";"Fantin-Latour, Henri";"Blumenstillleben: Herbstchrysanthemen in einer weißen Vase"
a46a78e8-ae9b-4a6b-b6ee-ee8e46eae9a1;"2053";"Murillo, Bartolomé Esteban";"Der gute Hirte"
564a8f02-9197-4ccd-8181-646dc5673353;"2054";"Elsheimer, Adam";"Heraklius trägt das Kreuz nach Jerusalem hinein"
fcb7b792-972c-4805-b1aa-481794ca9b71;"2055";"Flegel, Georg";"Stillleben mit Brot und Zuckerwerk"
5207a8cd-25c6-4075-bccf-9360fd54cd61;"2059";"Michau, Theobald";"Fischmarkt am Ufer"
0291ccc8-8b01-4480-95f2-2e2955a9e46d;"2061";"Meister aus dem Umkreis Friedrich Herlins";"Darstellung aus der Legende eines heiligen Bischofs"
9a4040a7-2893-400b-a13f-3e14498612d5;"2064";"Corinth, Lovis";"Carmencita"
4e33e17f-b671-4872-9c74-1f5633c0a798;"2066";"Kirchner, Ernst Ludwig";"Zwei Frauen mit Waschbecken; Die Schwestern"
bac8805d-8128-4e6f-b9c8-93adcab86bbd;"2068";"Ammon, Hans";"Eva am Spinnrocken, im Hintergrund der Sündenfall"
08ec4a2b-9d6a-4814-8246-63b2b27ad9a8;"2078";"Kirchner, Ernst Ludwig";"Mondnacht; Handorgler in Mondnacht"
5de59ba1-bf15-41b2-8ca1-9e4488c848ed;"2079";"Meister der Madonna von Covarrubias";"Ruhe auf der Flucht nach Ägypten"
69ab5a72-15e9-4d7b-930a-70171fd2d11b;"2085";"Marc, Franz";"Liegender Hund im Schnee"
ea96a27a-d9e0-4c5d-97e3-19bb4846ccf3;"2094";"Kern, Anton";"Rinaldo und Armida im Zauberwald"
63f4e06a-976b-48d3-8108-342a68272563;"2098";"Kalf, Willem";"Stillleben mit Orangen"
21fa24c6-875d-402f-9640-060b8bde8433;"2104";"Klee, Paul";"Das Lamm"
514fd89c-e5d2-44be-86c5-f72cb2f3393d;"2107";"Elsheimer, Adam";"Saulussturz"
1c42d33e-4e9a-4615-8a19-ee68b6fd5edc;"2118";"Elsheimer, Adam";"Die Auffindung des Kreuzes Christi durch Helena"
d99d34f4-a174-48e2-b2f7-eae8a729432e;"2119";"Elsheimer, Adam";"Heraklius wird der Einzug in Jerusalem zu Pferde verweigert"
102a5910-7f15-4e95-a664-572cab586972;"2129";"Chardin, Jean-Baptiste Siméon";"Stillleben mit Rebhuhn und Birne"
cb0c041d-255b-4cc0-9300-46fcc68b4b40;"2131";"Elsheimer, Adam";"Einschiffung der Kaiserin Helena"
fdc11be9-98d6-4519-aaf9-97de8d433791;"2136";"Elsheimer, Adam";"Jakobs Traum"
278ab731-501f-42cf-9a6e-44151736d425;"2140";"Elsheimer, Adam";"Die Kreuzprobe"
144e3f8a-2f92-4ef3-96a7-dbf71fceb25d;"2142";"Elsheimer, Adam";"Die Befragung des Juden"
cd6c85c8-ff5b-47ff-a477-a22ae2f516e2;"2143";"Bril, Paul";"Landschaft bei Tivoli"
0154dd5c-e662-4756-8ec5-169cccb56535;"2155";"Delacroix, Eugène";"Hamlet und Horatio auf dem Friedhof"
93e218c6-df57-40e6-a3a4-e96c9447f119;"2162";"Macke, August";"Nacktes Mädchen mit Kopftuch"
aa7b1371-f4b0-4e99-9d23-469a58337ff3;"2163";"Kirchner, Ernst Ludwig";"Schlittenfahrt im Schnee"
e3a894d3-0218-4ae3-9ad3-98217e1f5a8f;"2173";"Cipper gen. Il Todeschini, Giacomo Francesco";"Häusliche Szene mit Musikanten und Spinnerin"
9bf7b286-cc2c-4b98-b875-3ee039e5aeb4;"2214";"Modersohn-Becker, Paula";"Liegender Mann unter blühendem Baum"
a831353b-bd78-4c68-9297-d3e8bb97a9cd;"2231";"Daubigny, Charles François";"Normannische Küstenlandschaft (Villerville-sur-Mer)"
70e459ec-66ab-43d5-ae3e-069569b4acf5;"2233";"Bock d. Ä., Hans";"Venustanz"
92710e97-b303-4618-b6ac-50a525c15a73;"2242";"Baburen, Dirck van";"Singender junger Mann"
21c67110-065b-4c74-80cd-3709ca65b392;"2253";"Meister der von Grooteschen Anbetung";"Triptychon mit der Anbetung der Heiligen Drei Könige, David mit dem Wasser aus Bethlehem und der Königin von Saba vor Salomo"
238f2981-76ff-4a7b-b2ce-8ba68d6017a9;"2254";"Katz, Hanns Ludwig";"Junge Frau im Korbstuhl"
9301df11-061c-4d68-a73f-c4efdbadc2f0;"2268";"Umbrischer Meister um 1500";"Die Einkleidung des heiligen Augustinus durch den heiligen Ambrosius"
ee2c65bd-89c5-45fd-bef1-969e1f6df614;"802A";"Goes, Hugo van der";"Madonna mit Kind"
34943641-c00c-4d71-804d-d8edf67dc5e4;"802B";"Brügger (?) Meister um 1485/90";"Bildnis Willem van Overbeke mit hl. Wilhelm"
1ad84d92-a4ff-486b-8a7a-7fdfdcad8bcf;"802C";"Brügger (?) Meister um 1485/90";"Bildnis Johanna de Keysere mit Johannes d. T."
766c1c11-01f6-44fa-aee8-81e829a5fc66;"802D";"Brügger (?) Meister um 1485/90";"Verkündigungsengel"
88772b43-c984-43de-ae14-ce06ea003157;"802E";"Brügger (?) Meister um 1485/90";"Verkündigungsmaria"
155ae5a5-9fa7-4a4c-9371-7534c0e692f6;"837A";"Macrino d'Alba";"Madonna mit Kind"
8b2f213b-a790-47b5-9a7b-0216e3f79f17;"837B";"Macrino d'Alba";"Die Verheißung an Joachim"
eb4cf60f-55d0-4436-892b-7cb4a9631d36;"837C";"Macrino d'Alba";"Begegnung von Joachim und Anna an der Goldenen Pforte"
3a88a595-190a-49a9-9786-0ecf6bfcb209;"995A";"Lorenzetti, Pietro";"Kreuzigung Christi, Thronende Madonna mit Kind und heiligem Diakon"
e289f9eb-a5bf-4f51-b835-b8356bd0a9b4;"995B";"Lorenzetti, Pietro";"Berufung und Martyrium des Matthäus"
d58ada82-2e78-4311-a29b-76ed23372e25;"995C";"Lorenzetti, Pietro";"Johannes Ev. auf Patmos, seine Himmelfahrt"
92e64a6c-6b93-4fc6-8871-b8b3f2e979d8;"1398A";"Cranach d. Ä., Lucas";"Joseph, Maria, Anna und der Jesusknabe, im Hintergrund die drei Gatten Annas: Joachim, Kleophas (mit den Zügen Kaiser Maximilians I.) und Salomas (mit den Zügen Sixtus Oelhafens?), im Vordergrund zwei Söhne der Maria Kleophas"
e727b006-3abb-4c5b-a998-9f0d32d87229;"1398B";"Cranach d. Ä., Lucas";"Maria Kleophas und Alphäus (mit den Zügen Friedrichs des Weisen), sowie zwei ihrer Söhne"
c0ebb1f6-d9dc-4f40-849f-2d171b1a0ffc;"1398C";"Cranach d. Ä., Lucas";"Maria Salome und Zebedäus (mit den Zügen Johanns des Beständigen), sowie ihre Söhne Jakobus d. Ä. und Johannes Ev."
001afdf2-afc9-459f-a149-f1f04c26f823;"1398D";"Cranach d. Ä., Lucas";"Madonna mit Kind"
d968b390-629c-48af-9750-dfc07f3f250e;"1398E";"Cranach d. Ä., Lucas";"Hl. Anna"
73f77e13-994c-4fe6-96da-58eac3c565e0;"2254R";"Katz, Hanns Ludwig";"Hafen von Marseille"
8231bb0f-4fc3-45a0-b4de-e2caa220ab37;"ALH 3";"Lawrence, Thomas";"Bildnis der Kinder des Lord George Cavendish"
8cb2d283-6cda-4d32-ba2e-aad6bdb82d9a;"Dep. 12";"Kirchner, Ernst Ludwig";"Szene im Wald (Moritzburger Teiche)"
70e36f18-0a1d-431e-a4b5-e7dca8bfd3e3;"Dep. 12R";"Kirchner, Ernst Ludwig";"Akt im Atelier"
57ed6b26-768c-46fe-a58e-1691b8654e3c;"Dep. 34";"Kirchner, Ernst Ludwig";"Fehmarn-Häuser"
860e56fa-1c82-4fca-88db-fb1853fb4f55;"HM 1";"Mittelrheinischer Meister um 1420";"Kreuzigung Christi"
af2ba729-8bdb-4d7b-9b4c-bd665ccda5ec;"HM 2";"Mittelrheinischer Meister um 1420";"Gebet am Ölberg und Gefangennahme Christi"
d4cf2479-f48e-4d76-864c-a3d6e9b688eb;"HM 3";"Mittelrheinischer Meister um 1420";"Christus vor Pilatus und Kreuztragung"
078f6bd3-7e8e-424c-b9da-f2dc3e66d711;"HM 4";"Mittelrheinischer Meister um 1420";"Kreuzabnahme und Grablegung Christi"
cfae2eb5-5536-415e-af35-22916f2fbea2;"HM 5";"Mittelrheinischer Meister um 1420";"Heimsuchung"
4c9b3bc6-bf78-4eb5-90b2-1d15a91397dc;"HM 6";"Holbein d. Ä., Hans";"Stammbaum Christi (unterer Teil)"
401bb5ed-6c95-400e-bf27-751f0bbd2dd3;"HM 7";"Holbein d. Ä., Hans";"Stammbaum Christi (oberer Teil)"
23613dce-c9ac-4138-9281-40b67bbea09c;"HM 8";"Holbein d. Ä., Hans";"Stammbaum der Dominikaner (unterer Teil)"
7d58ca49-ece4-49c5-984c-8d153b49f8c6;"HM 9";"Holbein d. Ä., Hans";"Stammbaum der Dominikaner (oberer Teil)"
180e64d8-c7ad-405b-bfd1-ca1d916f0c0d;"HM 17";"Holbein d. Ä., Hans";"Einzug Christi in Jerusalem"
5e0e864f-b08a-4261-8ce4-4a1b4ec10e1b;"HM 18";"Holbein d. Ä., Hans";"Austreibung der Wechsler aus dem Tempel"
b7a4f0eb-7da4-4962-8f1c-391e6454f103;"HM 19";"Holbein d. Ä., Hans";"Fußwaschung Petri"
b6fe1aa0-59ab-4370-9ac7-ec7fb078e298;"HM 20";"Holbein d. Ä., Hans";"Gebet am Ölberg"
a0e40141-a533-4d71-b3fa-54fad5db4d7e;"HM 36";"Nithart gen. Grünewald, Mathis Gothart";"Der heilige Laurentius"
dc43192b-e3ae-46ef-850c-074600a45399;"HM 37";"Nithart gen. Grünewald, Mathis Gothart";"Der heilige Cyriakus"
02c3bae3-e58b-4936-95a0-8cbd7041183e;"HM 45";"Mittelrheinischer Meister um 1450/60";"Kreuzigung Christi mit Maria und dem Evangelisten Johannes"
416d0efc-8369-4d10-81af-ac33c4ac5858;"HM 51";"Pforr, Franz";"Der Einzug des Königs Rudolf von Habsburg in Basel 1273"
493b2caa-031a-4aa0-bd40-d11848abfba1;"HM 54";"Oberrheinischer Meister um 1410/20";"Das Paradiesgärtlein"
bf64920e-461e-4594-97a4-154feea3c77c;"LG 1";"Holbein d. Ä., Hans";"Abendmahl"
405c9566-9051-42c7-996e-003281b7284d;"LG 13";"Kirchner, Ernst Ludwig";"Bucht an der Fehmarnküste"
38a5017a-2f95-4933-8aca-83612e214f0a;"LG 19";"Munch, Edvard";"Eifersucht"
abec9951-f801-4e34-9ef7-2440b0d1dd62;"LG 32";"Schlemmer, Oskar";"Tischgesellschaft"
e4cff634-4f93-40ff-b16e-f4cd3e467e07;"LG 51";"Berchem, Nicolaes";"Italienische Landschaft mit Hirten an einem Flusslauf"
2d5a4ee7-05f8-4c75-b28c-d1460c4b85df;"LGBRD 2";"Umbrischer Meister um 1500";"Die Taufe des heiligen Augustinus durch den heiligen Ambrosius"
2bdec3e6-ade5-4017-81b3-3a298643b264;"LGBRD 3";"Umbrischer Meister um 1500";"Die Disputation des Hl. Augustinus mit dem Häretiker Fortunatus"
48a1fe2d-a548-4b8f-a414-b134195eca21;"LGBRD 5";"Blechen, Carl";"Tarantella"
4066b4a3-e790-4a08-939e-b31381f7f884;"LGBRD 6";"Böcklin, Arnold";"Die Hochzeitsreise"
8f83d646-b6dc-4d23-b910-2f546d0fee33;"SG 22";"Thoma, Hans";"In der Hängematte"
e9dcc7f1-5d99-4626-8bb1-0a2220e3f527;"SG 42";"Trübner, Wilhelm";"Stoppelacker mit ansteigendem Weg bei Weßling"
543affec-36c1-4e25-94e0-e54c615f32db;"SG 49";"Keller, Albert von";"Die Märtyrerin"
70c681b0-73e3-48c1-97af-0a92236313c1;"SG 99";"Stuck, Franz von";"Pietà"
d43ea6d7-ac68-4d65-b807-1ea36dc152d0;"SG 131";"Pidoll, Karl von";"Landschaft am Fluss"
676ca420-30fd-422d-9d03-c3da9574883b;"SG 170";"Monet, Claude";"Das Mittagessen"
32c29700-7da1-49e4-94a5-f9b6f2c91a65;"SG 171";"Liebermann, Max";"Simson und Delila"
5c96622b-4e89-41c3-bb8f-735dbbdfbd03;"SG 237";"Degas, Edgar";"Die Orchestermusiker"
0c79b2ae-32e0-4ea5-af3a-e9904a765f11;"SG 264";"Thoma, Hans";"„Die Öd" Blick auf den Holzhausenpark"
02ac4288-eab3-48fd-97e8-f3a8374d0ea2;"SG 314";"Corinth, Lovis";"Neubau in Monte Carlo"
2d826661-6d80-4e3b-b033-b5ac5c9ad3c7;"SG 326";"Brütt, Ferdinand";"In der Börse"
b35ea3ea-0bba-4f87-a5d8-a55670362ca2;"SG 349";"Cranach d. J., Lucas";"Bildnis Philipp Melanchthons (1497-1560)"
332724ed-9624-4baf-8afc-c001f30f7111;"SG 350";"Venezianischer Meister des 18. Jahrhunderts";"Anbetung des Goldenen Kalbes"
d19378be-13da-47b8-be38-c7153be21e45;"SG 358";"Rheinischer Meister um 1330";"Verkündigung und Geburt Christi"
f4bf97dc-a990-416a-b433-e2768b292348;"SG 358R";"Rheinischer Meister um 1330";"Gefangennahme, Kreuzigung, hl. Nikolaus (?) und hl. Katharina (Malfläche stark zerstört)"
f5419f9e-b321-437a-83aa-7bd3a874a9f9;"SG 359";"Rheinischer Meister um 1330";"Heimsuchung und Anbetung der Könige"
6b66052a-3960-4565-93e8-ef4a2770d1a3;"SG 359R";"Rheinischer Meister um 1330";"Gebet am Ölberg, Kreuztragung und Auferstehung Christi (Malfläche stark beschädigt)"
3952e8ba-7220-4c52-83e3-3720ad112049;"SG 360";"Rheinischer Meister um 1330";"Hl. Michael und Elisabeth von Thüringen"
5d865053-3bbf-4781-b9a1-c20ea3344278;"SG 360R";"Rheinischer Meister um 1330";"Geißelung Christi, Grablegung und unidentifizierte Szene (Himmelfahrt?) (Malfläche stark beschädigt)"
083d7dd9-7f2c-4a4f-b833-17c24a03c3f2;"SG 361";"Rheinischer Meister um 1330";"Marienkrönung und Marientod"
f2413a68-982c-46db-be5a-92b05d6c45f7;"SG 361R";"Rheinischer Meister um 1330";"Christus vor Pilatus, Beweinung, weibliche Heilige und hl. Bischof (Augustinus?) (Malfläche stark beschädigt)"
0b66a540-b5e9-4e66-ab84-a9da2ad33429;"SG 377";"Bandell, Eugenie";"Japanische Puppen mit Äpfeln"
ff16f3ea-eb46-42c4-a0bf-139b02b53b06;"SG 399";"Sérusier, Paul";"Kleine Landschaft mit Tangfischern"
497282ff-27d3-423b-bd14-b8668d169256;"SG 404";"Rousseau, Henri";"Die Allee im Park von Saint-Cloud"
217fa939-1cfc-469d-8dc6-e1e1db39b584;"SG 424";"Roederstein, Ottilie W.";"Bildnis eines Malers in einem Pariser Atelier"
5f70a0e9-7fcc-4ea9-a94f-ed9aa9438832;"SG 443";"Nürnberger Meister um 1350/60";"Marienkrönung"
0ecf3942-47c4-4fa5-9956-4639579e8069;"SG 448A";"Meister des Stötteritzer Altars";"Kreuzaufrichtung"
cd20a55b-aaf2-4adf-81ac-cb3ee311a17c;"SG 448B";"Meister des Stötteritzer Altars";"Kreuzaufrichtung"
d0085157-c64c-4acb-b94a-273b54709097;"SG 448C";"Meister des Stötteritzer Altars";"Kreuzaufrichtung"
a25060f9-c3a7-45b6-a5ff-9c23c39b35aa;"SG 449";"Meister des Bartholomäusaltars";"Die Heilige Familie"
c0d0cff5-ba11-4409-9171-58f7b62dd21e;"SG 457";"Holbein d. Ä., Hans";"Bildnis eines Angehörigen der Augsburger Familie Weiss"
bfa9b49f-09ed-4aab-a6a6-708b045487cd;"SG 459";"Roederstein, Ottilie W.";"Selbstbildnis mit verschränkten Armen"
b32d06c0-d635-4bc2-9b26-e839a43c56a9;"SG 509";"Codde, Pieter Jacobsz";"Musizierende Gesellschaft"
06968414-be72-4223-a74e-8e6bfcda109d;"SG 511";"Goyen, Jan van";"Dorfstraße mit Rastenden an einem Steg"
5ab32556-2e32-4c36-b9ad-7da2180388d1;"SG 528";"Lessing, Carl Friedrich";"Felsenlandschaft: Schlucht mit Ruinen"
610c04cc-51e2-4ace-935e-f32cc3d8adb2;"SG 595";"Uhde, Fritz von";"Damenbildnis (Porträt Therese Karl)"
a8d7c600-6bc8-498e-b2ea-e1e913d92973;"SG 620";"Schwind, Moritz von";"Erscheinung im Walde (aus Dornröschen)"
c01ef14a-3938-45e1-90a4-cdfcf1049fa5;"SG 633";"Trautmann, Johann Georg";"Die Verklärung Christi"
9a225374-b25f-4b04-860d-74a3df482fd3;"SG 634";"Trautmann, Johann Georg";"Die Auferweckung des Lazarus"
7b707de4-b416-496d-bcb2-ee2dbc922fac;"SG 644";"Thoma, Hans";"Bildnis Ida Müller, geb. Scholderer"
34d894d5-9b86-4676-90aa-a40cd9ce9bca;"SG 658";"Müller, Victor";"Waldnymphe"
484253c5-11f0-4327-a419-3736927e0d28;"SG 929";"Thoma, Hans";"Ritt auf dem Vogel"
4520cbab-94ff-4525-9a0c-4abcfe83da5f;"SG 1002";"Mittelrheinischer Meister um 1400";"Anbetung der Könige"
a7cbc4a9-4df8-4a4a-8a9d-eebc716ffee9;"SG 1007";"Altheim, Wilhelm";"Modellstudie eines schlafenden Mädchens"
c62f53ba-3b1c-4b67-986f-41e61011b9b5;"SG 1123";"Kirchner, Ernst Ludwig";"Nackte Frau am Fenster"
b06bbbcd-d32b-4b76-b467-1dbea43d8791;"SG 1123R";"Kirchner, Ernst Ludwig";"Liegende Frau in weißem Hemd"
3500dab5-375c-422b-8836-dd25594863f9;"SG 1142";"Meister der Stalburg-Bildnisse";"Trauernde Maria"
539e99cc-0a66-4d23-9b37-ff67210ddbb9;"SG 1143";"Meister der Stalburg-Bildnisse";"Christus als Schmerzensmann"
688402a6-bf6e-4dbb-aecd-08f2899f35fa;"SG 1153";"Spitzweg, Carl";"Der Rosenfreund"
678f9a5c-c69d-48e1-b07f-36bac48fa98c;"SG 1156";"Stuck, Franz von";"Adam und Eva"
768ea805-f310-4bc8-84e5-bc16fcbbb3fe;"SG 1182";"Corinth, Lovis";"Der Vater des Künstlers auf dem Krankenlager"
29b55238-fe39-4846-b001-adebc15081e1;"SG 1198";"Redon, Odilon";"Christus und die Samariterin (Der weiße Blumenstrauß)"
5408b254-3fcc-4258-9e1a-88cb1d92d23b;"SG 1207";"Klee, Paul";"Das Haus zur Distelblüte"
17904fc2-6677-416d-87c7-1a15500cde93;"SG 1229";"Hodler, Ferdinand";"Genfer See mit den Savoyer Alpen"
142a1db9-9bcf-492f-95e4-1aa14bd72741;"SGP1";"Klinger, Max";"Bildnis Büste Friedrich Nietzsche"
4f9bce51-594f-4852-b871-ee0d5b03761a;"SGP13";"Stuck, Franz von";"Reitende Amazone"
f2c70267-3365-47c6-b246-e200dcdbfb10;"SGP209";"Kollwitz, Käthe";"Die Klage"
7ed124ff-de67-49d5-9146-f56fe3fc98c1;"SGP245";"Freundlich, Otto";"Ascension"
2a4bf27c-f016-440f-8c4c-0e384becd2dc;"SGP33";"Kolbe, Georg";"Frauenraub"
83136d0d-fa60-4382-9c14-f4d5b7f609fd;"SGP6";"Rodin, Auguste";"Faun; Der alte Baum; Die alte Eiche"
8fee1e06-9c18-4831-b7a8-ef280b0ad5d5;"SGP9";"Meunier, Constantin";"An der Tränke"
f515dd74-fd23-499d-8521-785b9720ceb5;"St.P127";"Carstens, Asmus Jakob";"Die Parze Atropos"
7fc6c174-d276-4ed7-8700-04e20ca41056;"St.P344";"Rossetti, Antonio";"Esmeralda mit der Ziege"
08603637-9e1d-48a4-ac58-c160081889de;"St.P391";"Daumier, Honoré";"Ratapoil"
55e8f045-bfb0-4e1a-84e7-2467213495dc;"5754 D";"Rembrandt Harmensz. van Rijn";"Selbstbildnis an einer Steinmauer lehnend"
d9654461-ace7-4467-9078-654aa588a860;"61530 D";"Rembrandt Harmensz. van Rijn";"Selbstbildnis radierend am Fenster"
5b3a2987-868a-4ae4-999f-47b1bd8507ea;"31406 D";"Dürer, Albrecht";"Junge Frau, vom Tode bedroht (Der Gewalttätige)"
7d35b25a-30ea-4fb0-8732-bdeec97b330b;"31352 D";"Dürer, Albrecht";"Die Heilige Familie mit der Libelle"
26239a3f-a702-4f94-90b6-624df630f20c;"33378 D";"Dürer, Albrecht";"Der verlorene Sohn"
a2fb137b-76fb-4b7c-b1a4-5ea4210887df;"31575 D";"Dürer, Albrecht";"Ercules (Herkules tötet die Molioniden; Herkules und Cacus)"
14a20e11-4662-4d30-a713-0d47eb4eaa17;"31576 D";"Dürer, Albrecht";"Das Männerbad"
e73690dd-1450-4a66-a21b-1592fb39586f;"31389 D";"Dürer, Albrecht";"Vier nackte Frauen (Die vier Hexen)"
f2a72593-d01f-424b-912b-2090684a6c45;"31396 D";"Dürer, Albrecht";"Das Fräulein zu Pferd und der Landsknecht"
358b119c-816f-43b5-9e15-a3ed60846029;"31506 D";"Dürer, Albrecht";"Apocalipsis cum figuris, Titelblatt der 1511 veröffentlichen lateinischen Ausgabe der Apokalypse, mit dem Holzschnitt "Die Jungfrau erscheint Johannes"
5c9a0d3c-6a80-4158-9da2-210dd198c336;"8999 D";"Rembrandt Harmensz. van Rijn";"Christus am Kreuz zwischen den zwei Schächern: "Die drei Kreuze"
2f6e2a03-301b-40f9-bab4-82222861a1b5;"5850 D";"Rembrandt Harmensz. van Rijn";"Der Heilige Hieronymus in italienischer Landschaft"
b5f88b31-8202-4ae3-862f-4fc99f69ea93;"31608 D";"Dürer, Albrecht";"Knoten mit acht Geflechten und weißem oblongem Schildchen, aus der Folge der "Sechs Knoten"
70eb2d80-bae5-46c1-99ef-23655de6d1e8;"5946 D";"Rembrandt Harmensz. van Rijn";"Die Brücke des Jan Six"
8ff6ecb5-8dd2-4cc2-8c48-0bf57e4b547d;"31722 D";"Dürer, Albrecht";"Bildnis Ulrich Varnbüler"
1a62a7c0-5b65-41bc-9ef1-d2093394983d;"31501 D";"Dürer, Albrecht";"Die Marter des Evangelisten Johannes, aus der Folge der Apokalypse, Urausgabe Deutsch 1498"
566eabb6-0841-489a-9005-d3876600a791;"31508 D";"Dürer, Albrecht";"Johannes erblickt die sieben Leuchter, aus der Folge der Apokalypse, Latein-Ausgabe 1511"
da34a1c5-43b6-4d12-8baa-bb995ff19917;"31502 D";"Dürer, Albrecht";"Johannes vor Gottvater und den Ältesten, aus der Folge der Apokalypse, Urausgabe Deutsch 1498"
3c7f1849-914f-45b1-af11-f28bec43d577;"31489 D";"Dürer, Albrecht";"Die apokalyptischen Reiter, aus der Folge der Apokalypse, Einzeldruck vor dem Text"
f7926928-c958-4ba7-87a1-cfd18e02178a;"31503 D";"Dürer, Albrecht";"Die Eröffnung des fünften und sechsten Siegels, aus der Folge der Apokalypse, Urausgabe Deutsch 1498"
553c5675-ff9d-4ddd-91f7-cb96a907cf97;"31510 D";"Dürer, Albrecht";"Vier Engel, die Winde aufhaltend / Die Versiegelung der Auserwählten, aus der Folge der Apokalypse, Latein-Ausgabe 1511"
c5b9a0ca-9a01-4e75-956e-c84909f4a045;"31512 D";"Dürer, Albrecht";"Die sieben Posaunenengel, aus der Folge der Apokalypse, Latein-Ausgabe 1511"
038199d8-d909-4d53-ad15-3fc30590db13;"31513 D";"Dürer, Albrecht";"Der Engelkampf, aus der Folge der Apokalypse, Latein-Ausgabe 1511"
59ba6784-e84a-4d65-921d-bf12113026a1;"31514 D";"Dürer, Albrecht";"Johannes, das Buch verschlingend / Der "Starke Engel", aus der Folge der Apokalypse, Latein-Ausgabe 1511"
ff3b7723-b7b8-4347-acc1-7b53e99119b2;"31515 D";"Dürer, Albrecht";"Das Sonnenweib und der siebenköpfige Drache, aus der Folge der Apokalypse, Latein-Ausgabe 1511"
62d0d2ed-6e90-4476-bb74-b690dc193791;"31498 D";"Dürer, Albrecht";"Das Tier mit den Lammhörnern, aus der Folge der Apokalypse, Einzeldruck vor dem Text"
4f841e74-ba7d-47e5-aa48-b9c1dc14c0c1;"31511 D";"Dürer, Albrecht";"Lobgesang der Auserwählten / Anbetung des Lammes, aus der Folge der Apokalypse, Urausgabe Latein 1498"
24ad18d0-b443-450f-b0da-06aab1010b4a;"31505 D";"Dürer, Albrecht";"Das babylonische Weib, aus der Folge der Apokalypse, Urausgabe Deutsch 1498"
eb0935de-a25a-485a-892e-e96d91ce8ead;"50657 D";"Dürer, Albrecht";"Der Engel mit dem Schlüssel zum Abgrund, aus der Folge der Apokalypse, Latein-Ausgabe b 1511"
04c6bc10-fd1f-4eb6-9961-eed0f01ff1f1;"31390 D";"Dürer, Albrecht";"Die Versuchung des Müßiggängers (Der Traum des Doktors)"
3191da6b-63c7-4d47-a5b4-99d244d5111f;"31408 D";"Dürer, Albrecht";"Das Liebespaar und der Tod (Der Spaziergang)"
5f931f89-17b7-4cc1-8873-f3e0788e3c62;"62760 D";"Dürer, Albrecht";"Maria mit der Meerkatze"
8ce10a30-ed06-4ed4-abcd-c5f2773cb122;"31366 D";"Dürer, Albrecht";"Der heilige Eustachius"
afea9f42-4d2e-4456-8b47-754c5cb4953c;"56045 D";"Dürer, Albrecht";"Adam und Eva (Der Sündenfall)"
78c22544-8ca2-4d34-8bc4-6ff92489e948;"31339 D";"Dürer, Albrecht";"Maria auf der Rasenbank, das Kind stillend"
99dec2f6-fc2d-46ff-a9f8-f3074068f515;"31416 D";"Dürer, Albrecht";"Das Wappen mit dem Totenkopf"
f6e3b37c-52dc-4025-a1a9-d62009a5bdca;"31350 D";"Dürer, Albrecht";"Die Heilige Familie, sechsfigurig"
bc5b791a-8b21-4d66-be00-06e7cf6ac5f6;"31412 D";"Dürer, Albrecht";"Der Reiter (Ritter, Tod und Teufel)"
0cd873e8-1507-4ee4-b540-fced7d1c929a;"31371 D";"Dürer, Albrecht";"Hieronymus im Gehäus"
88404313-7e8c-4cd5-b7fb-957a787f9bd7;"33377 D";"Dürer, Albrecht";"Melencolia I (Die Melancholie)"
618fd218-0261-4644-8c9d-46fed26af5c7;"31588 D";"Dürer, Albrecht";"Rhinocerus (Das Rhinozeros)"
edd618ed-4b11-47b6-af5c-bff52c08b5ea;"31414 D";"Dürer, Albrecht";"Landschaft mit Kanone (Die große Kanone; Die Kanone)"
9f3dbd82-dce9-4033-8051-b138a40aee12;"31368 D";"Dürer, Albrecht";"Der heilige Antonius vor der Stadt"
82795053-f636-4d29-9d98-8e4290f2e503;"31480 D";"Dürer, Albrecht";"Das letzte Abendmahl"
e43d4086-a0c3-4f6a-8e54-36af220bca7a;"31422 D";"Dürer, Albrecht";"Erasmus von Rotterdam"
aadce9ab-cbd4-4376-b525-35828f523138;"623 Z";"Nürnberger Meister um 1410/20";"Heilige Barbara"
a6749145-1df0-422a-9208-573b67183135;"14280 Z";"Bergmüller, Johann Georg";"Mariä Himmelfahrt"
014f3d39-4e14-4bda-ad26-6e80eecd3fe1;"395 Z";"Correggio";"Entwurf zu einem Teil des Kuppelgemäldes in Parma"
4a7244fa-fc10-45d8-b9ca-ce82b5c08723;"4336 Z";"Romano, Giulio";"Cephalus trauert um Procris"
ae2ddfd1-54f1-47a9-b182-44960b421d0b;"4239 Z";"Palma il Giovane, Jacopo";"Studienblatt mit galoppierendem Pferd, einer Frau im Profil nach links, einer Figurengruppe auf Wolken und einem Engel"
53a23a5f-29c1-4a8e-89a2-bd263019cedb;"447 Z";"Bandinelli, Baccio";"Studien von Kindern (Studien nach einer Gliederpuppe)"
e2e6d33e-81c2-4431-8477-9240af706800;"521 Z";"Vasari, Giorgio";"Geflügelte Viktoria mit Palmzweig und drei auf Trophäen knienden Gefangenen"
a831c109-8451-49ee-ac95-2c200d20524f;"1052 Z";"Mellan, Claude";"Porträt einer Dame"
684d3f14-4d37-4039-97fd-c2ea41187e75;"15424 Z";"Lorrain, Claude";"Ansicht des Tiber mit einem Turm am gegenüberliegenden Ufer"
a777d7ca-772d-4f50-a6ca-69b882a3eb4a;"5799 Z";"Schütz, Christian Georg";"Blick vom Feldberg im Taunus auf Reifenberg"
752979ae-6363-4d1c-9a5f-907c541cb37b;"1233 Z";"Fragonard, Jean-Honoré";"Le concours/Kinderszene: Wettbewerb oder Unterweisung im Lesen"
36137b55-2837-43ce-a348-71fec84c5686;"1319 Z";"Robert, Hubert";"Römischer Brunnen mit einer Frau, die Wasser holt"
174d56fa-bc6c-4680-b753-052de275ef6e;"1080 Z";"Moreau, Louis Gabriel";"Parklandschaft mit hohen Bäumen und steinerner Rampe im Mittelgrund"
4f03fb6a-053f-4feb-9be8-f58c08783dc0;"1012 Z";"Boissieu, Jean-Jacques de";"Vue du pont de la Guillotière à Lyon"
97653544-686a-407e-839c-36069aa9b302;"1206 Z";"Bourgeois, Constant";"Die Große Galerie im Louvre"
a22c137e-b6c6-4838-b682-1a88afcb671c;"1504 Z";"Mind, Gottfried";"Zwei junge Katzen im Streit"
145dea79-5f07-493d-b396-3474bd56746e;"LG 2 Z";"Alt, Jakob";"Der Laudayagarten"
6fcc2834-413d-4cb1-a199-14792d4cbf13;"1590 Z";"Reinermann, Friedrich Christian";"Die Ruine Kalsmunt bei Wetzlar"
a1071921-0481-49d6-8af8-f6e05ffa95b9;"468 Z";"Clovio, Giulio";"König David tanzt vor der Bundeslade, in einem Zierrahmen"
c292821a-9933-40c6-bf4a-f8fd61b400f8;"1040 Z";"Watteau, Jean-Antoine";"Stehende männliche Figur (Bildnis des Nicolas Vleughels)"
a7dfe329-6666-41ea-890a-086913d3229a;"1217 Z";"Boucher, François";"Die Wasserfälle von Tivoli"
029188b3-8d69-46c8-96a3-9f9eceab3682;"1909 Z";"Morgenstern, Johann Ludwig Ernst";"Ein Eisvogel"
e70e9262-f299-4f03-936b-df19f08f2860;"1524 Z";"Müntz, Johann Heinrich";"A Thems whery at London"
2d631913-1354-4d2d-8129-40b8c21700ee;"LG 5 Z";"Alt, Rudolf von";"Friedhof in Ischl"
a062e3a0-392a-464c-a0d7-d2452a06a4c2;"14328 Z";"Klenze, Leo von";"Russische Kirche"
242e9f62-0a22-4eb3-a189-6fa1b26427ab;"1469 Z";"Kobell, Wilhelm von";"Postkutsche im Winter"
8220da16-e504-4bd0-9608-604b2d036087;"SG 2435 Z";"Kolbe, Georg";"Aktstudie"
a9872ebc-3dcc-48b9-b112-957080084c5d;"SG 2941 Z";"Macke, August";"Ansicht von Hilterfingen"
a31190ca-35f7-4c6a-8498-d0ac56cd2b3a;"SG 2400 Z";"Rodin, Auguste";"Tanzende mit nach hinten geworfenem Kopf, Rückansicht"
5d8bfe29-1460-49ff-b280-0c30a1ce0a85;"16078 Z";"Kirchner, Ernst Ludwig";"Tänzerin"
8665a4d6-e431-4fcb-9e05-0b60114b238e;"16242 Z";"Kirchner, Ernst Ludwig";"Bildnis Erna mit Hut"
ca6a38fd-c212-40ba-a73d-d6910feded44;"SG 1317 Z";"Morgenstern, Carl";"Blick von Rüsselsheim über den Main auf Mainz und Hochheim"
c133267e-1e68-4529-82ea-169f20631af0;"SG 948 Z";"Nussbaum, Jakob";"Am Strand von Port Said"
533e7d8c-4ad3-4978-8c15-6918679b1439;"800 Z";"Gheyn II, Jacques de";"Karel van Mander auf dem Totenbett"
36084e0c-4515-4b19-842d-7587a7509811;"824 Z";"Huysum, Jan van";"Eine Krabbe"
5945f4a4-50ab-4c9e-a892-c1210d02dba1;"954 Z";"Hendriks, Wybrand";"Eine Traube, eine Nuss und zwei Pfirsiche"
72ab1f99-52df-4139-878c-5f1dff6be18d;"609 Z";"Palma il Giovane, Jacopo";"Die Venezianer verteidigen sich gegen die Belagerung Pippins"
61847c44-10c0-4b35-83a1-cc0ca64a9e9d;"6 Z";"Pforr, Franz";"Raffael, Fra Angelico und Michelangelo auf einer Wolke über Rom"
92b51690-a40d-4aae-88a8-1f8f802b9208;"4461 Z";"Veronese, Paolo";"Entwürfe von Köpfen und Figuren (Studien für eine Grablegung Christi?)"
f1259b24-7f3e-4d84-981b-e392c8b705f4;"846 Z";"Rubens, Peter Paul";"Hélène Fourment"
8423d8f9-222d-43a2-8c55-faf64c6ebae6;"269 Z";"Rottmann, Carl";"Santorin"
7ec26f90-6baa-4ef1-bc5a-9db686e10eb9;"SG 3354 Z";"Soutter, Louis";"Le catafalque sans pesanteur"
53709725-9a85-4163-b46d-d90cdfabfb9b;"212 Z";"Fohr, Carl Philipp";"Entwurf zu einem Triptychon mit Szenen aus dem Nibelungenlied"
764e2f1e-a569-44f9-ad56-fbc3705eb389;"SG 1251 Z";"Eysen, Louis";"Die Erdpyramiden am Schalderer Bach bei Vahrn"
b002d2a6-9a7e-4b10-a50f-db2c04561268;"791 Z";"Dyck, Anthonis van";"Bildnis des Hendrick van Steenwyck des Jüngeren"
b8debf8a-95dc-428f-99ac-d7024dc44b26;"805 Z";"Goltzius, Hendrick";"Vier Studien einer rechten Hand"
cd72791f-5dec-4be1-a4d1-b8aa4298d515;"3723 Z";"Cuyp, Aelbert";"Landschaft bei Dordrecht"
4c2c0821-44dd-4a43-a9ec-6c277b6cac08;"5252 Z";"Hessemer, Friedrich Maximilian";"Kapitell mit Architrav in Theben"
db9dc421-0aba-4ab3-b7a7-c46a8ef06fa8;"5319 Z";"Hessemer, Friedrich Maximilian";"Vision einer islamischen Stadt"
99ca5a9d-c50e-41c0-98d6-0bd03a81b9e4;"16830 Z";"Elsheimer, Adam";"Die Verleugnung Petri"
14d7290c-e000-43b9-9f58-acf0ce872618;"16834 Z";"Tiepolo, Giovanni Domenico";"Pulcinellas Vater führt seine Braut nach Hause"
baf3bc06-9e0b-4ef6-9e13-0fa5bc3dbd3e;"16242V Z";"Kirchner, Ernst Ludwig";"Liegender weiblicher Akt"
410e71c1-69da-4024-bdb7-427c67ae4271;"SG 448 A-C";"Meister des Stötteritzer Altars";"Kreuzaufrichtung"
0e34c02c-4400-40e2-bdba-7a57547a8ee6;"802";"Goes, Hugo van der";"Marientriptychon"
b6011930-8cc8-48a5-980a-6e6d293769a2;"1398";"Cranach d. Ä., Lucas";"Die Heilige Sippe ("Torgauer Altar")"
b0ab9ef3-8fa2-4bfa-8676-3fb28d4ce143;"30945 D";"Burgkmair, Hans";"Der Tod überfällt ein Liebespaar"
9b38ad19-cbf7-4c86-ac83-538b5dd1eebe;"31299 D";"Dürer, Albrecht";"Die Geburt Christi"
95656fbb-f805-4e39-8fe5-ab70061b9306;"33744 D";"Schongauer, Martin";"Der Heilige Antonius von Dämonen gepeinigt"
d4879a60-04c3-4897-8d44-71bdf11e55b9;"837";"Macrino d'Alba";"Madonna mit Kind, Verheißung an Joachim, Begegnung Joachims und Annas an der Goldenen Pforte"
59a3622c-55f4-42e0-b0bc-39913b0340c1;"995 a-c";"Lorenzetti, Pietro";"Kreuzigung Christi, Madonna mit Kind und heiligem Diakon sowie Szenen aus den Legenden der Evangelisten Matthäus und Johannes"
dda3c775-60b5-476c-8e7c-ea788fcb3b7b;"LG 70";"Klee, Paul";"Ohne Titel"
01068a0b-b9a5-47d2-b5ff-1e26c210829d;"LG 71";"Moholy-Nagy, László";"Konstruktion"
e7afdaa6-0be4-4502-a1dc-f1a9a4e3ab10;"LG 72";"Popova, Ljubov S.";"Ohne Titel"
934bc3dd-10ea-471b-bc85-34b85909060c;"2024; 2054; 2118; 2119; 2131; 2140; 2142";"Elsheimer, Adam";"Kreuzaltar"
c43a232e-ca42-49b2-b050-b31d46c3f9b7;"SG 358-361";"Rheinischer Meister um 1330";"Altenberger Altar
78d59660-f1eb-4cb5-be65-2d1fb94f0cb0;"821-832";"Lochner, Stefan";"Die Apostelmartyrien"
0fb03c89-21b3-4230-a8f4-fc17ca2f20cb;"HM 6-9";"Holbein d. Ä., Hans";"Werktagsseite des Frankfurter Dominikaneraltars"
60306c6e-7539-4b25-b3a4-a58ec601e30e;"SG 1142; SG 1143; 845; 846";"Meister der Stalburg-Bildnisse";"Flügel des Retabels aus der Hauskapelle der Stalburg in Frankfurt"
f1e67f29-7864-4c5b-81fc-e75e06187cf8;"HM 17-20; LG 1";"Holbein d. Ä., Hans";"Predella des Frankfurter Dominikaneraltars"
24825a47-c46c-450a-b6b6-e5da52966f03;"HM 10-16";"Holbein d. Ä., Hans";"Flügel des Frankfurter Dominikaneraltars, Innenseite (Passion Christi; Auferstehung)"
d2dedf09-2503-4a36-b529-c9630ab9a188;"HM 6-20; LG 1";"Holbein d. Ä., Hans";"Flügel und Predella des Frankfurter Dominikaneraltars"
9b55aff6-2cbd-4ca8-8265-4689ac9eec61;"HM 1-5";"Mittelrheinischer Meister um 1420";"Kreuzigungsaltar, sogenannter Peterskirchenaltar"
49845464-fd54-416b-b0a2-f0b1e07cb2e7;"2320";"Cranach d. J., Lucas";"Bildnis Martin Luthers (1483-1546)"
616024fa-468b-41e6-9aed-2a7092f81bd8;"2335";"Sieneser (?) Meister der ersten Hälfte des 15. Jahrhunderts";"Front einer Hochzeitstruhe (Cassone)"
f2ced41b-a2fb-4a49-8761-4bfc494b450a;"HM 36; HM 37";"Nithart gen. Grünewald, Mathis Gothart";"Der heilige Laurentius, der heilige Cyriakus"
1a2d58e7-2991-4cff-8516-1be985d49863;"2336";"Guercino (Giovanni Francesco Barbieri)";"Madonna mit Kind"
64105684-2fa2-40f0-9b14-4fc43c48fea4;"LGBRD 2; 2268; LGBRD 3";"Umbrischer Meister um 1500";"Szenen aus dem Leben des heiligen Augustinus"
540ff589-5e7b-445e-9437-e8455a97f66d;"St.F.43";"Atget, Eugène";"Sonnenfinsternis, April 1912"
581e3911-4a45-4c71-92ce-ccb87976c366;"St.F.49";"Baldus, Édouard";"Orange: Die Mauer des Théâtre antique"
deed0228-8c7c-4899-97b0-a5d6001f0ab8;"St.F.77";"Cameron, Julia Margaret";"Mrs Herbert Duckworth"
b1b1dfb3-cd79-4121-b7f6-5147aa4f056c;"St.F.78";"Carroll, Lewis";"Alexandra „Xie“ Kitchin als chinesischer „Tea-Merchant“ (on Duty)"
872424cc-8fed-4c52-a743-2a667fbbf8f4;"St.F.88";"Fenton, Roger";"London: The British Museum"
7253da51-4aca-4823-bf76-9643d793d0f4;"St.F.91";"Frith, Francis";"Der Tempel von Kom Ombo in Oberägypten"
934a057c-d27b-4018-886d-7313524fd3b0;"St.F.92";"Frith, Francis";"Der Kiosk des Trajan auf der Nilinsel Philae"
5d652084-c765-4d0a-99b8-344c4494e073;"St.F.103";"Hill, David Octavius";"Bildnis des Porträtmalers Robert Frain"
477e2173-06f2-4bd9-a1a0-769e08caaf38;"St.F.130";"Marville, Charles";"Paris: Blick in die Rue Saint-Honoré"
1438599d-3235-4442-88f0-85a6a089cb17;"St.F.158";"Salomon, Erich";"New York: Blick von Ellis Island auf Manhattan"
dc5b4824-c88a-48e6-99cb-e2e667f43968;"St.F.174";"Sommer, Giorgio";"Pompeji: Brunnen in der Casa del gran balcone"
1ac46490-da80-4e80-a988-450f6530d765;"St.F.181h";"Vogel, Hermann Wilhelm";"Rendezvous (bei der Rousseau-Insel)"
453b7387-edab-4fe4-aa60-de9010e8e1e7;"St.F.190";"Kühn, Heinrich";"Frau vor dem Spiegel"
f88905b8-8055-484f-aa51-07d624a64f3a;"St.F.195";"Stieglitz, Alfred";"Das Zwischendeck"
82a8750c-38b2-4989-aba9-34be2bcecc1a;"St.F.199";"Vidal, Léon";"Italienischer Dolch, 16. Jahrhundert"
079b7398-1372-4a2d-9d1b-7cf4dadbf4c1;"St.F.181a";"Vogel, Hermann Wilhelm";"Sonnenblick (beim Großen Stern)"
b54e576f-0f56-4a9d-9ce7-d50b49011a2e;"St.F.181b";"Vogel, Hermann Wilhelm";"Hofjäger"
f8ce617c-a300-4c20-9af6-674b64bbcc98;"St.F.181c";"Vogel, Hermann Wilhelm";"Löwenbrücke"
9961c73f-bd8b-4ef9-863d-170e518f91f9;"St.F.181d";"Vogel, Hermann Wilhelm";"Schafgraben"
d1dd54a6-d785-4b78-9431-7fbe00067a45;"St.F.181e";"Vogel, Hermann Wilhelm";"Königsdenkmal"
fdfebf19-86d8-4b55-a3c0-14f5757b7f1d;"St.F.181f";"Vogel, Hermann Wilhelm";"Brücke (beim Königsdenkmal)"
703b4a61-20b2-4b8c-b3da-ec7d781855be;"St.F.181g";"Vogel, Hermann Wilhelm";"Rousseau-Insel"
7804553e-7155-4911-9da8-a7ba417641c6;"St.F.181";"Vogel, Hermann Wilhelm";"Bilder aus dem Thiergarten: Nach der Natur photographiert von Dr. H. Vogel"
987c7a70-0fc6-414d-af77-0d993a834608;"St.F.181i";"Vogel, Hermann Wilhelm";"Abend (bei Bellevue)"
64fe0116-9821-44ae-9ebf-0b4e2e1db395;"St.F.181k";"Vogel, Hermann Wilhelm";"Gartenhaus (bei Bellevue)"
7b1f7f47-af0d-4e45-b484-4777a791f144;"2371";"Diefenbach, Karl Wilhelm";"Du sollst nicht töten"
4d96fe92-7a27-4d85-a652-3401ddda62d8;"2349";"Zwengauer, Anton";"Rehe in Landschaft mit Sonnenuntergang"
1ff55f73-4807-4596-ac67-111df98b8fb2;"2253A";"Meister der von Grooteschen Anbetung";"Die Anbetung der Heiligen Drei Könige"
4798b47e-a3d6-49d8-ab36-70f585166d60;"2253B";"Meister der von Grooteschen Anbetung";"David empfängt das Wasser aus Bethlehem"
d742c4ac-2bdd-4430-b488-3dedc48e5b37;"2253C";"Meister der von Grooteschen Anbetung";"Die Königin von Saba vor König Salomo"
4284bff7-35be-4c0e-882f-cf5c9a326351;"2337";"Raffael";"Bildnis des Papstes Julius II."
d212b5d6-4390-4390-8a53-6bca3afd6955;"St.P631";"Freundlich, Otto";"Composition"
aea62f32-9679-42f9-8443-e73805b5ec9e;"2402";"Hammershøi, Vilhelm";"Interieur. Strandgade 30"
98646c68-7c95-43f8-a13c-912bbeefc5b7;"2414";"Carrière, Eugène";"Der Schlaf"
8813454c-4a61-4999-acbd-260212a9bddf;"2415";"Watts, George Frederick";"Wenn die Armut zur Tür hereinkommt, fliegt die Liebe zum Fenster hinaus"
4811aded-c340-4556-9599-e1708d78ab4e;"67833 D";"Goya, Francisco de";"El famoso Americano, Mariano Ceballos"
e81397a6-0362-4cac-8fab-be03e460906e;"2432";"Hasenpflug, Carl Georg Adolph";"Kirchenruine im Winter"
77e240b7-4214-4ad5-aa6e-16ef52507ee7;"2443";"Ribera, Jusepe de";"Der Heilige Jakobus der Ältere"
4d7952e0-588a-465d-8cda-ea9c7d0ff3b8;"2434";"Reni, Guido";"Himmelfahrt Mariens"
1777c276-1e42-4dc8-a371-eceb4ecfa0bd;"St.P670";"Rosso, Medardo";"Das Goldene Zeitalter (Aetas aurea)"
d81ce2d6-ef8c-4dda-866a-bc70b4bbb5b9;"2444";"Carrière, Eugène";"Interieur mit Vase"
86cc742b-3638-446b-8208-b035b1b6fb56;"17175 Z";"Degas, Edgar";"Étude de Nu"
ca6b1cd2-5e6f-4dc8-92c1-6b76402a8822;"17179 Z";"Allori, Cristofano";"Knabenkopf mit Arbeitsmütze"
614f6e8d-68b3-449b-b887-e41bd288c7b6;"67875 D";"Goya, Francisco de";"Un Enano"
a4bec80a-fb86-4219-82d1-52d6c5038aa0;"2460";"Ribot, Théodule";"Die leere Flasche"
e7c6ed60-3c8f-4d9d-a50a-d5bf154ee392;"2463";"Schjerfbeck, Helene";"Mädchen mit blondem Haar"
ddb0bd1e-383b-4ab6-82eb-7f75c9aee864;"2468";"Kirchner, Ernst Ludwig";"Szene im Café"
fdaeca5d-cf94-4ff6-85cf-623a1ce2ac09;"2474";"Bloemaert, Abraham";"Moses schlägt Wasser aus dem Fels"
ae9c4ccb-a727-4714-9367-42e900b079f5;"2492";"Brandi, Giacinto";"Heiliger Eremit (Paulus Eremita?)"
